Time (min),Wall – Thickness Loss (µm)
1.5007254544209,-6.22707657438326E-06
3.09983871871671,0.01242301776585
6.30553773919758,-4.35895360205718E-05
7.90963266475286,-0.012497742684742
9.51372759030816,-0.024951895833463
3.90935867338359,-0.031129155795229
5.52092609082813,-0.080908405930668
7.91710515664209,-0.049822839671459
11.921115393956,-0.049853975054331
10.3257383756048,-0.080945768390114
15.1280598297517,-0.068541431853988
19.9316266992135,-0.062357944815647
20.7386558232506,-0.093468419381153
15.933843538474,-0.093431056921707
18.3449675880664,-0.136995684635934
16.7508359850301,-0.174308327469503
16.7470997390855,-0.155645778976144
19.1407879742697,-0.112118513721363
23.1447982115836,-0.112149649104235
24.7439114758794,-0.099720404261811
27.1500538642124,-0.118401633984893
25.5546768458611,-0.149493427320676
20.7486191457696,-0.143235215363443
23.9505819203059,-0.137039274171954
21.5556482698068,-0.174345689928949
24.757611044343,-0.16814974873746
24.7601018749727,-0.180591447733033
29.5599324984899,-0.155745412201334
27.9595738188792,-0.161953807545971
30.3682070378419,-0.193076736264626
27.1649988479908,-0.193051827958328
27.9682917260833,-0.205499754030475
29.5723866516386,-0.217953907179196
29.5761228975833,-0.236616455672555
31.1827086537683,-0.261512307816849
30.3769249450461,-0.23662268274913
33.5664335664335,-0.168218246579778
31.166518254675,-0.180641264345628
37.5791617109516,-0.211795328447154
35.1742647379335,-0.199334948221858
33.5751514736376,-0.211764193064282
34.3821805976748,-0.242874667629788
39.1857474671366,-0.236691180591448
43.1897577044505,-0.236722315974319
45.5959000927834,-0.255403545697401
47.1999950183387,-0.267857698846123
49.603646576042,-0.274097229573632
38.3886816656184,-0.255347502008232
36.7895684013226,-0.267776746850656
39.1944653743407,-0.280237127075952
39.9915311758589,-0.261580805659167
41.5931352707844,-0.261593259812316
43.2009664422843,-0.292709961454396
40.000249083063,-0.305126752143671
41.6080802545629,-0.336243453785751
44.0067501510066,-0.317599586522115
47.2012404336536,-0.274078548343909
44.0017684897471,-0.29271618853097
44.7988342912653,-0.274059867114186
52.0060527184303,-0.274115910803355
53.6101476439856,-0.286570063952076
52.8155726730972,-0.317668084364433
51.2114777475419,-0.305213931215712
48.005778727061,-0.292747323913842
48.0095149730056,-0.311409872407201
47.2136945868023,-0.336287043321772
46.4166287852842,-0.354943364738556
48.8202803429874,-0.361182895466065
49.6123644832461,-0.317643176058136
49.6161007291907,-0.336305724551495
51.2177048241162,-0.336318178704643
55.222960476745,-0.342570163585301
56.0274987701524,-0.361238939155235
50.4206390225981,-0.354974500121428
53.625092627764,-0.361220257925512
52.8305176568756,-0.392318278337869
52.8280268262459,-0.379876579342296
56.8320370635598,-0.379907714725168
60.0327544227812,-0.367490924035893
62.4376513957992,-0.379951304261188
61.6405855942811,-0.398607625677973
59.2381794518927,-0.39858894444825
57.6365753569672,-0.398576490295101
56.0374620926713,-0.411005735137525
57.6428024335415,-0.429680737784032
60.043963160615,-0.423478569515969
62.4438784723736,-0.41105555175012
65.6483320775395,-0.417301309554204
67.25118158778,-0.423534613205139
71.2551918250939,-0.42356574858801
73.6551071368525,-0.411142730822161
72.0609755338161,-0.44845537365573
67.2549178337246,-0.442197161698497
62.4513509642628,-0.448380648736837
60.0526810678191,-0.467024516000473
59.2431611131522,-0.423472342439395
67.2586540796692,-0.460859710191856
64.8587387679106,-0.473282727957706
64.0604275510776,-0.485718199876704
68.0731556955956,-0.52929528174408
66.4653245240957,-0.498178580102
68.8727123277435,-0.523080659322868
68.8689760817989,-0.504418110829509
70.4668439307798,-0.485768016489299
68.0644377883915,-0.485749335259576
71.2626643169831,-0.460890845574728
69.6585693914278,-0.448436692426007
74.4696087527788,-0.479578302374384
75.2679199696119,-0.467142830455386
77.6715715273151,-0.473382361182896
75.2729016308714,-0.492026228446531
72.8717409037979,-0.498228396714594
72.8754771497425,-0.516890945207953
72.8792133956871,-0.535553493701312
72.0809021788541,-0.54798896562031
74.4870445671871,-0.566670195343392
74.4907808131317,-0.585332743836751
77.6964798336125,-0.597799351138621
76.8906961248903,-0.572909726070902
75.2841103687052,-0.548013873926608
76.0811761702234,-0.529357552509823
76.8782419717415,-0.510701231093039
79.2806481141299,-0.510719912322762
82.4863471346107,-0.523186519624632
82.483856303981,-0.510744820629059
84.8899986923139,-0.529426050352141
84.0929328907958,-0.548082371768926
76.8782419717415,-0.510701231093039
80.0864318228521,-0.535609537390481
81.6905267484075,-0.548063690539202
78.4885639738712,-0.554259631730691
80.8934609468893,-0.566720011955987
80.8984426081488,-0.591603409947132
82.4963104571297,-0.572953315606922
84.898716599518,-0.572971996836645
87.3036135725361,-0.585432377061941
90.5043309317575,-0.573015586372666
92.1071804419979,-0.579248890023601
92.9117187354053,-0.597917665593534
91.3113600557946,-0.604126060938171
89.7085105455542,-0.597892757287236
85.7045003082403,-0.597861621904365
83.2996033352222,-0.585401241679069
85.7094819694998,-0.62274501989551
84.1066324592594,-0.616511716244575
82.5100100255933,-0.641382660082571
84.9149069986114,-0.653843040307867
84.1178411970932,-0.672499361724651
84.1228228583527,-0.697382759715796
86.5289652466857,-0.716063989438878
88.9301259737591,-0.709861821170815
87.3235402175741,-0.684965969026521
87.3160677256848,-0.647640872039803
88.113133527203,-0.628984550623019
88.911444744036,-0.616549078704021
92.9179458119797,-0.629021913082465
89.7159830374434,-0.635217854273954
91.3163417170541,-0.629009458929316
92.9229274732392,-0.65390531107361
94.5232861528498,-0.647696915728973
96.9294285411828,-0.666378145452055
98.5322780514232,-0.67261144910299
94.5170590762755,-0.616592668240041
102.540024534682,-0.69130513297922
98.5335234667381,-0.678832298600776
89.729682605907,-0.703647198749603
91.3250596242582,-0.67255540541382
89.7234555293327,-0.672542951260672
92.9254183038689,-0.666347010069183
100.950874592905,-0.753501173803934
96.12862649372,-0.66637191837548
94.5307586447391,-0.68502201271569
94.5344948906837,-0.703684561209049
92.9328907957581,-0.7036721070559
93.7374290891655,-0.722340882625834
96.9443735249612,-0.74102833942549
97.7489118183686,-0.759697114995423
99.3517613286091,-0.765930418646358
100.153808791387,-0.772157495220719
103.354526150608,-0.759740704531443
101.749185809738,-0.741065701884936
98.5459776198868,-0.741040793578638
98.5422413739422,-0.72237824508528
97.7389484958497,-0.709930319013133
100.939665855071,-0.697513528323858
100.943402101016,-0.716176076817217
103.345808243404,-0.716194758046939
104.946166923015,-0.709986362702302
104.953639414904,-0.74731145968902
108.15560218944,-0.741115518497531
108.1605838507,-0.765998916488676
104.957375660849,-0.765974008182378
104.16030985933,-0.784630329599163
105.77063186146,-0.828188730236816
107.370990541071,-0.821980334892178
107.366008879811,-0.797096936901033
108.966367559422,-0.790888541556395
111.367528286495,-0.784686373288332
109.762187945625,-0.766011370641825
114.570736476346,-0.78471128159463
116.97438803405,-0.790950812322139
116.179813063161,-0.822048832734496
112.97660487331,-0.822023924428198
112.172066579903,-0.803355148858265
107.369745125756,-0.815759485394392
109.772151268144,-0.815778166624115
109.777132929404,-0.84066156461526
111.381227854959,-0.853115717763981
112.985322780514,-0.865569870912702
112.188256978996,-0.884226192329487
112.994040687718,-0.909115817397206
116.199739708199,-0.921582424699076
117.004278001607,-0.94025120026901
120.201259114883,-0.909171861086376
121.002061162346,-0.90917808816295
119.396720821476,-0.890503085516442
116.996805509717,-0.902926103282292
116.19475804694,-0.896699026707931
117.793871311236,-0.884269781865508
116.191021800995,-0.878036478214572
116.18728555505,-0.859373929721214
115.383992676958,-0.846926003649067
126.596466756752,-0.853234032218894
119.385512083642,-0.834515440036366
120.183823300475,-0.822079968117368
123.390767736271,-0.840767424917024
124.998598907771,-0.871884126559104
121.79539071792,-0.871859218252807
119.390493744902,-0.859398838027511
123.394503982215,-0.859429973410383
125.00607139966,-0.909209223545822
129.015063298233,-0.934123756919839
131.417469440622,-0.934142438149562
132.224498564659,-0.965252912715068
126.617638817105,-0.958988473681261
125.00856223029,-0.921650922541394
124.201533106253,-0.890540447975889
121.807844871068,-0.934067713230669
123.414430627253,-0.958963565374963
127.415950033938,-0.946553001762262
128.225469988605,-0.990105175323341
125.821818430901,-0.983865644595831
129.822092422271,-0.965234231485344
134.621923045788,-0.940388195953645
136.227263386658,-0.959063198600153
136.232245047917,-0.983946596591298
137.03553792601,-0.996394522663445
137.039274171955,-1.0150570711568
138.64336909751,-1.02751122430553
139.447907390917,-1.04617999987546
141.054493147102,-1.07107585201975
141.054493147102,-1.07107585201975
133.831084320844,-0.990148764859361
132.229480225918,-0.990136310706213
129.830810329475,-1.00878017796985
133.036509349956,-1.02124678527172
133.838556812733,-1.02747386184608
136.242208370436,-1.03371339257359
134.644340521455,-1.0523634869138
133.847274719937,-1.07101980833058
135.453860476122,-1.09591566047488
137.862493695085,-1.12703858919353
138.665786573177,-1.13948651526568
138.652087004714,-1.07105717079003
137.050482909788,-1.07104471663688
137.847548711307,-1.0523883952201
141.866503932399,-1.1270697245764
138.659559496603,-1.10838226777675
141.861522271139,-1.10218632658526
145.063485045676,-1.09599038539377
146.666334555916,-1.1022236890447
150.674081039175,-1.12091737292093
149.071231528934,-1.11468406927
146.67505246312,-1.14576963552921
145.871759585028,-1.13332170945706
140.257427345584,-1.08973217343654
150.677817285119,-1.13957992141429
145.068466706935,-1.12087378338491
140.271126914048,-1.15816151791219
143.473089688584,-1.1519655767207
141.882694331492,-1.20794076804762
143.486789257048,-1.22039492119635
142.677269302381,-1.17684274763527
141.078156038085,-1.18927199247769
148.28786529588,-1.20176973516243
147.485817833102,-1.19554265858807
146.681279539695,-1.17687388301814
149.883242314231,-1.17067794182665
153.88600713623,-1.16448822771174
155.490102061785,-1.17694238086046
157.893753619488,-1.18318191158797
158.695801082266,-1.18940898816233
158.699537328211,-1.20807153665569
154.695527090897,-1.20804040127281
153.894725043434,-1.20803417419624
153.090186750026,-1.18936539862631
149.088667343342,-1.20177596223901
143.481807595788,-1.1955115232052
147.487063248417,-1.20176350808586
149.898187298009,-1.24532813580009
151.502282223565,-1.25778228894881
154.70922665936,-1.27646974574846
157.115369047693,-1.29515097547155
158.718218557934,-1.30138427912248
160.322313483489,-1.3138384322712
162.724719625877,-1.31385711350092
164.328814551433,-1.32631126664965
149.89071480612,-1.20800303881337
152.296857194453,-1.22668426853645
156.305849093026,-1.25159880191047
156.307094508341,-1.25781965140825
150.690271438268,-1.20178841639216
153.902197535323,-1.24535927118296
156.299622016452,-1.22049455442154
160.30736849971,-1.23918823829777
164.31013332171,-1.23299852418285
165.112180784487,-1.23922560075721
166.717521125357,-1.25790060340372
166.720011955987,-1.27034230239929
161.91519967121,-1.27030493993985
161.91519967121,-1.27030493993985
159.512793528822,-1.27028625871012
161.92018133247,-1.29518833793099
165.124634937636,-1.30143409573508
162.711020057414,-1.24542776902528
167.512096096246,-1.22680258299136
168.327843127487,-1.30145900404137
172.325626288227,-1.27038589193531
169.924465561153,-1.27658806020338
170.726513023931,-1.28281513677774
173.132655412264,-1.30149636650082
173.937193705671,-1.32016514207075
173.942175366931,-1.3450485400619
168.332824788746,-1.32634240203252
163.531748749914,-1.34496758806643
167.535758987228,-1.3449987234493
169.939410544932,-1.35123825417681
170.73398551582,-1.32014023376445
172.345552933264,-1.36991948389989
170.748930499598,-1.39479042773789
174.756676982857,-1.41348411161412
174.750449906283,-1.38237986412519
177.154101463986,-1.3886193948527
175.547515707801,-1.3637235427084
176.343336094004,-1.33884637179383
178.751969312967,-1.36996930051249
181.154375455355,-1.36998798174221
183.556781597743,-1.37000666297193
185.160876523299,-1.38246081612066
187.568264326946,-1.40736289534152
184.365056137095,-1.40733798703523
181.958913748762,-1.38865675731214
177.961130588023,-1.4197298694182
174.764149474746,-1.45080920860084
176.373226061561,-1.4881467597407
178.775632203949,-1.48816544097043
176.363262739042,-1.43837996375841
177.972339325857,-1.47571751489828
180.366027561041,-1.4321902496435
180.366027561041,-1.4321902496435
180.374745468245,-1.475736196128
180.367272976356,-1.43841109914129
182.773415364689,-1.45709232886437
182.769679118744,-1.43842978037101
187.573245988206,-1.43224629333267
191.584728717409,-1.46960252570226
193.984644029168,-1.45717950793641
189.980633791854,-1.45714837255354
185.982850631114,-1.4882214846596
190.788908331206,-1.49447969661683
189.186058820965,-1.48824639296589
187.580718480095,-1.46957139031939
184.373774044299,-1.45088393351973
181.980085809115,-1.49441119877451
183.587916980615,-1.52552790041659
189.194776728169,-1.5317923394504
186.793616001096,-1.53799450771846
186.789879755151,-1.5193319592251
185.187030244911,-1.51309865557417
191.594692039928,-1.51936932168455
193.995852767002,-1.51316715341649
193.993361936372,-1.50072545442091
196.39327724813,-1.48830243665506
199.598976268611,-1.50076904395693
200.401023731389,-1.50699612053129
201.206807440111,-1.53188574559901
205.215799338684,-1.55680027897303
208.421498359165,-1.5692668862749
203.615440659074,-1.56300867431767
200.410987053908,-1.55676291651358
197.202797202797,-1.53185461021614
198.00110841963,-1.51941913829714
194.805372721668,-1.55671932697756
192.401721163965,-1.55047979625005
190.000560436892,-1.55668196451812
187.600645125133,-1.56910498228397
189.207230881318,-1.59400083442826
190.815062052818,-1.62511753607034
193.216222779892,-1.61891536780228
191.613373269651,-1.61268206415134
192.412929901799,-1.60646744173013
191.607146193077,-1.58157781666241
196.410713062539,-1.57539432962407
197.211515110001,-1.57540055670065
198.008580911519,-1.55674423528386
194.812845213558,-1.59404442396428
198.017298818724,-1.60029018176837
202.818374857556,-1.58166499573445
200.415968715167,-1.58164631450473
200.430913698946,-1.65629650847817
199.618902913649,-1.60030263592151
199.623884574909,-1.62518603391266
202.025045301982,-1.6189838656446
203.624158566278,-1.60655462080217
207.625677972962,-1.59414405718947
205.220780999944,-1.58168367696418
210.02808411535,-1.59416273841919
212.436717334313,-1.62528566713785
210.832622408758,-1.61283151398913
214.039566844554,-1.63151897078878
214.846595968591,-1.66262944535429
217.250247526294,-1.6688689760818
222.0575506417,-1.68134803753682
221.261730255497,-1.70622520845139
218.048558743127,-1.6564335041628
214.840368892016,-1.63152519786536
202.037499455131,-1.68119236062246
206.046491353704,-1.70610689399648
202.842037748538,-1.69986113619239
205.239462229667,-1.67499641943097
203.632876473482,-1.65010056728668
204.431187690315,-1.63766509536768
206.829857586759,-1.61902122810404
210.840094900647,-1.65015661097585
209.235999975092,-1.63770245782712
206.039018861815,-1.66878179700976
206.836084663333,-1.65012547559297
210.055483252278,-1.73102142737049
207.641868372055,-1.67501510066069
210.847567392536,-1.68748170796256
214.047039336443,-1.6688440677755
215.653625092628,-1.6937399199198
215.656115923257,-1.70618161891537
214.058248074277,-1.72483171325558
210.044274514444,-1.67503378189042
210.049256175703,-1.69991717988156
213.253709780869,-1.70616293768564
216.46189963198,-1.73107124398309
215.666079245777,-1.75594841489766
212.46411647124,-1.76214435608915
216.470617539184,-1.77461719046759
218.070976218795,-1.76840879512295
219.667598652461,-1.74353785128496
220.464664453979,-1.72488152986817
218.056031235016,-1.69375860114952
219.657635329942,-1.69377105530267
221.279166069905,-1.7933171014204
222.077477286738,-1.7808816295014
222.874543088256,-1.76222530808461
223.67036347446,-1.73734813717004
224.468674691293,-1.72491266525104
228.478912005181,-1.75604804812285
226.070278786218,-1.72492511940419
227.680600788348,-1.76848352004185
226.87855332557,-1.76225644346749
225.279440061274,-1.77468568830991
225.283176307219,-1.79334823680327
223.687799288868,-1.82444003013905
226.088960015941,-1.81823786187099
227.686827864922,-1.79958776753078
228.48638449707,-1.79337314510957
230.885054393514,-1.77472927784593
234.08950799868,-1.78097503565001
234.09199882931,-1.79341673464559
233.293687612477,-1.80585220656458
231.692083517551,-1.80583975241144
230.895017716033,-1.82449607382822
229.293413621107,-1.82448361967507
228.497593234904,-1.84936079058964
226.895989139979,-1.84934833643649
235.721002061162,-1.93028787775003
234.115661720292,-1.91161287510352
231.710764747274,-1.89915249487823
231.709519331959,-1.89293164538044
231.703292255385,-1.86182739789151
235.706057077384,-1.8556376837766
234.901518783977,-1.83696890820666
235.701075416124,-1.83075428578545
237.30018868042,-1.81832504094303
241.307935163679,-1.83701872481926
242.914520919864,-1.86191457696355
237.307661172309,-1.85565013792975
240.507133116216,-1.83701249774268
237.316379079514,-1.89919608441425
236.510595370791,-1.87430645934653
234.908991275866,-1.87429400519338
245.318172477567,-1.86815410769106
240.51585102342,-1.88055844422719
240.519587269365,-1.89922099272055
239.721276052532,-1.91165646463955
238.123408203551,-1.93030655897976
240.527059761254,-1.93654608970726
241.335334300606,-1.97387741377056
241.335334300606,-1.97387741377056
243.741476688939,-1.99255864349364
241.330352639346,-1.94899401577941
243.732758781735,-1.94901269700913
241.325370978087,-1.92411061778827
242.925729657698,-1.91790222244363
242.923238827068,-1.90546052344806
242.921993411753,-1.89923967395027
246.923512818437,-1.88682911033757
249.328409791455,-1.89928949056287
250.131702669548,-1.91173741663501
248.531343989937,-1.91794581197965
243.725286289846,-1.91168760002242
244.519861260734,-1.88058957961006
230.104178991089,-1.87425664273394
246.136410339438,-1.95525222773664
248.542552727771,-1.97393345745973
250.151629314586,-2.01127100859959
246.94468487879,-1.99258355179994
246.141392000697,-1.98013562572779
244.539787905772,-1.98012317157464
246.927249064382,-1.90549165883093
246.132674093493,-1.93658967924329
250.139175161437,-1.94906251362173
254.139449152806,-1.93043110051124
257.356356911121,-1.99888535329319
256.541855295195,-1.93044978174097
254.950214522788,-1.98020412357011
252.541581303825,-1.94908119485145
252.550299211029,-1.99262714133596
252.550299211029,-1.99262714133596
252.54282671914,-1.95530204434924
252.54531754977,-1.96774374334481
249.347091021178,-1.99260223302966
247.750468587512,-2.01747317686766
251.756969655456,-2.0299460112461
253.362309996326,-2.04862101389261
254.965159506566,-2.05485431754354
256.569254432122,-2.06730847069226
258.170858527047,-2.06732092484541
258.165876865788,-2.04243752685427
254.962668675937,-2.04241261854797
254.958932429992,-2.02375007005461
257.358847741751,-2.01132705228876
258.961697251991,-2.0175603559397
258.947997683528,-1.94913101146405
261.351649241231,-1.95537054219156
258.950488514157,-1.96157271045962
258.150931882009,-1.96778733288083
258.956715590732,-1.99267695794855
262.162414611213,-2.00514356525042
262.162414611213,-2.00514356525042
265.373095292953,-2.04249357054344
266.175142755731,-2.0487206471178
267.779237681286,-2.06117480026652
269.383332606841,-2.07362895341524
266.187596908879,-2.11092914209566
264.581011152694,-2.08603328995137
262.974425396509,-2.06113743780707
262.96944373525,-2.03625403981593
264.567311584231,-2.01760394547572
259.769971791343,-2.05489168000299
260.567037592861,-2.0362353585862
262.178605010306,-2.08601460872164
260.578246330695,-2.09222300406628
260.583227991955,-2.11710640205743
264.589729059898,-2.12957923643587
262.983143303713,-2.10468338429158
268.586266805323,-2.09228527483202
270.991163778341,-2.10474565505732
274.195617383507,-2.1109914128614
274.194371968192,-2.10477056336362
273.387342844155,-2.07366008879811
263.79266325838,-2.14823555785265
266.197560231398,-2.16069593807795
268.590003051268,-2.11094782332538
269.400768421249,-2.16072084638425
268.594984712527,-2.13583122131653
275.003891922859,-2.1483227369247
277.400070988673,-2.11723717066549
281.409062887246,-2.1421517040395
287.02339512669,-2.18574124006003
289.423310438449,-2.17331822229418
291.029896194634,-2.19821407443847
284.617252738357,-2.16706001033695
283.015648643431,-2.1670475561838
279.801231715747,-2.11103500239742
270.979955040507,-2.04875800957724
266.973453972564,-2.0362851751988
271.796947487063,-2.12963528012504
271.801929148323,-2.15451867811618
271.007354177434,-2.18561669852854
274.2118077826,-2.19186245633263
275.808430216266,-2.16699151249463
279.010392990803,-2.16079557130314
279.006656744858,-2.14213302280978
276.60425060247,-2.14211434158006
277.416261387766,-2.19810821413671
277.419997633711,-2.21677076263007
279.025337974581,-2.23544576527657
280.629432900136,-2.2478999184253
281.431480362914,-2.25412699499966
283.836377335932,-2.26658737522495
286.24127430895,-2.27904775545025
287.845369234506,-2.29150190859897
289.448218744746,-2.2977352122499
292.653917765227,-2.31020181955177
291.858097379024,-2.33507899046635
290.257738699413,-2.34128738581098
293.469664796468,-2.38485824060178
291.06476782345,-2.37239786037649
294.267976013301,-2.37242276868279
296.671627571004,-2.3786622994103
298.271986250615,-2.37245390406566
299.066561221503,-2.3413558836533
299.066561221503,-2.3413558836533
302.264787750095,-2.31649739396845
303.863901014391,-2.30406814912603
306.268797987409,-2.31652852935133
303.059362720983,-2.2853993735561
301.450286134169,-2.24806182241623
299.04787999178,-2.24804314118651
302.258560673521,-2.28539314647952
300.654465747965,-2.2729389933308
299.05286165304,-2.27292653917765
295.849653463189,-2.27290163087135
295.844671801929,-2.24801823288021
292.640218196763,-2.24177247507613
292.636481950819,-2.22310992658277
290.23407580843,-2.22309124535304
288.632471713505,-2.22307879119989
288.63122629819,-2.21685794170211
288.62873546756,-2.20441624270654
285.426772693024,-2.21061218389802
285.421791031764,-2.18572878590688
283.820186936839,-2.18571633175373
281.416535379136,-2.17947680102622
279.81493128421,-2.17946434687307
281.42276245571,-2.21058104851515
283.828904844043,-2.22926227823824
287.035849279839,-2.24794973503789
289.443237083487,-2.27285181425876
290.23905746969,-2.24797464334419
291.84439781056,-2.2666496459907
291.850624887134,-2.29775389347963
293.44973815143,-2.2853246486372
295.052587661671,-2.29155795228814
299.057843314299,-2.2978099371688
298.263268343411,-2.32890795758115
297.459975465318,-2.31646003150901
295.058814738245,-2.32266219977707
294.262994352042,-2.34753937069164
295.067532645449,-2.36620814626157
297.467447957208,-2.35378512849572
303.872618921595,-2.34761409561053
300.673146977688,-2.36625173579759
301.467721948577,-2.33515371538524
306.278761309928,-2.36629532533362
305.47920467778,-2.37250994775483
303.877600582854,-2.37249749360168
302.278487318559,-2.3849267384441
304.683384291577,-2.3973871186694
304.687120537521,-2.41604966716276
306.293706293706,-2.44094551930705
307.896555803947,-2.44717882295799
311.101009409113,-2.45342458076207
313.503415551501,-2.45344326199179
312.696386427464,-2.42233278742629
308.69486702078,-2.43474335103899
310.29522570039,-2.42853495569435
309.491932822298,-2.4160870296222
308.681167452316,-2.36631400656334
307.892819558002,-2.42851627446463
307.891574142687,-2.42229542496684
309.490687406983,-2.40986618012442
311.088555255964,-2.39121608578421
311.885621057482,-2.37255976436742
315.091320077963,-2.38502637166929
315.894612956056,-2.39747429774144
316.699151249463,-2.41614307331137
316.700396664778,-2.42236392280916
315.905821693889,-2.45346194322151
318.314454912852,-2.48458487194017
318.316945743482,-2.49702657093574
317.522370772593,-2.5281245913481
318.328154481316,-2.55301421641582
319.931003991556,-2.55924752006675
326.341156617203,-2.57795988517271
327.141958664666,-2.57796611224928
325.53786373911,-2.56551195910056
323.93501422887,-2.55927865544963
323.93501422887,-2.55927865544963
323.129230520148,-2.53438903038191
320.7218427165,-2.50948695116104
320.71686105524,-2.48460355316989
319.912322761833,-2.46593477759996
318.305737005648,-2.44103892545567
320.708143148036,-2.44105760668539
323.918823829777,-2.4784076119784
323.918823829777,-2.4784076119784
325.516691678758,-2.45975751763819
328.726126945183,-2.49088667343342
330.327731040109,-2.49089912758657
331.929335135034,-2.49091158173972
332.735118843756,-2.51580120680744
331.934316796294,-2.51579497973086
329.529419823276,-2.50333459950557
326.327457048739,-2.50953054069706
327.936533635554,-2.54686809183693
328.737335683017,-2.5468743189135
331.940543872868,-2.5468992272198
333.548375044368,-2.57801592886188
336.751583234219,-2.57804083716817
339.153989376607,-2.5780595183979
342.357197566459,-2.5780844267042
341.561377180255,-2.60296159761877
339.158971037867,-2.60294291638904
331.14596890198,-2.57799724763215
335.96198992459,-2.63402225557168
332.75130924285,-2.59667225027866
337.559857773571,-2.61537216123147
337.561103188886,-2.62159301072925
338.374359389497,-2.68380773278369
338.374359389497,-2.68380773278369
339.170179775701,-2.65893056186912
343.182907920219,-2.70250764373649
343.983709967682,-2.70251387081307
343.175435428329,-2.66518254674978
340.770538455311,-2.65272216652448
345.566632832884,-2.60921358249942
335.157451631183,-2.61535348000174
335.953272017386,-2.59047630908717
335.143752062719,-2.54692413552609
344.774548692625,-2.65275330190735
341.5651134262,-2.62162414611212
339.973472653793,-2.67137848794127
343.979973721737,-2.68385132231971
344.782021184515,-2.69007839889407
347.195636064737,-2.74608472560387
348.798485574977,-2.75231802925481
350.402580500532,-2.76477218240353
353.607034105698,-2.77101794020761
357.612289758327,-2.77726992508827
357.612289758327,-2.77726992508827
359.206421361364,-2.7399572822547
356.005704002142,-2.75237407294397
356.004458586827,-2.74615322344619
351.997957518884,-2.73368038906774
351.997957518884,-2.73368038906774
346.389852356014,-2.72119510053615
348.787276837143,-2.69633038377473
347.985229374366,-2.69010330720037
347.181936496273,-2.67765538112822
346.374907372236,-2.64654490656272
345.571614494143,-2.63409698049057
350.37642677892,-2.63413434295001
351.179719657013,-2.64658226902216
351.182210487642,-2.65902396801773
352.786305413198,-2.67147812116646
356.790315650512,-2.67150925654933
359.1927217929,-2.67152793777905
362.397175398066,-2.67777369558313
360.799307549085,-2.69642378992334
355.994495264308,-2.6963864274639
352.792532489772,-2.70258236865539
349.589324299921,-2.70255746034909
349.59928762244,-2.75232425633138
349.594305961181,-2.72744085834023
356.797788142401,-2.70883435353605
354.399118245957,-2.72747822079968
356.801524388346,-2.7274969020294
359.201439700104,-2.71507388426355
326.331193294684,-2.52819308919042
323.923805491036,-2.50329100996955
362.40340247464,-2.70887794307206
364.00874281551,-2.72755294571857
365.610346910436,-2.72756539987172
368.013998468139,-2.73380493059923
376.82531182086,-2.74631512743712
372.817565337601,-2.72762144356089
373.622103631008,-2.74629021913082
373.622103631008,-2.74629021913082
370.418895441157,-2.74626531082453
368.823518422806,-2.77735710416031
364.01372447677,-2.75243634370972
361.612563749697,-2.75863851197778
360.813007117549,-2.76485313439899
362.418347458419,-2.7835281370455
364.820753600807,-2.78354681827522
367.219423497251,-2.76490295101159
367.228141404455,-2.80844889749609
370.435085840251,-2.82713635429575
372.040426181121,-2.84581135694226
374.446568569454,-2.86449258666534
376.054399740954,-2.89560928830742
378.460542129287,-2.9142905180305
379.262589592064,-2.92051759460486
381.669977395712,-2.94541967382573
384.078610614675,-2.97654260254438
384.883148908082,-2.99521137811432
386.485998418323,-3.00144468176525
388.085111682618,-2.98901543692283
388.882177484137,-2.97035911550604
385.677723878971,-2.96411335770196
384.069892707471,-2.93299665605988
383.267845244693,-2.92676957948552
380.055919147638,-2.88319872469472
379.255117100175,-2.88319249761814
377.649776759305,-2.86451749497163
376.04568183375,-2.85206334182291
376.044436418435,-2.84584249232513
374.439096077565,-2.82716748967862
372.836246567324,-2.82093418602769
372.031708273917,-2.80226541045775
371.227169980509,-2.78359663488782
372.826283244805,-2.7711673900454
375.228689387193,-2.77118607127512
380.037237917915,-2.78988598222792
380.03848333323,-2.79610683172571
377.632340944897,-2.77742560200263
376.035718511231,-2.80229654584062
375.231180217823,-2.78362777027069
378.439370068934,-2.80853607656813
379.245153777656,-2.83342570163585
379.245153777656,-2.83342570163585
382.443380306248,-2.808567211951
385.652815572673,-2.83969636774623
386.453617620136,-2.83970259482281
388.058957961006,-2.85837759746932
388.058957961006,-2.85837759746932
379.242662947026,-2.82098400264028
384.849522694581,-2.82724844167409
382.450852798137,-2.84589230893772
380.856721195101,-2.88320495177129
379.247644608286,-2.84586740063143
383.256636506859,-2.87078193400544
384.061174800267,-2.88945070957538
384.864467678359,-2.90189863564752
383.262863583434,-2.90188618149437
387.274346312637,-2.93924241386396
389.679243285655,-2.95170279408926
391.282092795895,-2.95793609774019
393.684498938283,-2.95795477896992
393.679517277024,-2.93307138097877
390.475063671858,-2.92682562317469
389.67301620908,-2.92059854660033
389.669279963136,-2.90193599810697
389.666789132506,-2.8894942991114
384.054947723692,-2.85834646208644
391.275865719321,-2.92683185025126
393.678271861709,-2.92685053148099
393.675781031079,-2.91440883248541
392.871242737672,-2.89574005691548
396.88397088219,-2.93931713878286
397.684772929653,-2.93932336585943
399.290113270523,-2.95799836850594
402.497057706319,-2.97668582530559
403.299105169096,-2.98291290187995
404.901954679337,-2.98914620553089
401.701237320116,-3.00156299622016
398.493047469005,-2.97665468992272
397.691000006227,-2.97042761334836
396.895179620024,-2.99530478426293
395.299802601673,-3.02639657759871
396.10434089508,-3.04506535316865
397.699717913431,-3.01397355983287
393.691971430173,-2.99527987595663
395.292330109783,-2.989071480612
408.107653699818,-3.00161281283276
410.513796088151,-3.02029404255584
412.116645598391,-3.02652734620678
416.123146666335,-3.03900018058522
417.728487007205,-3.05767518323173
419.331336517445,-3.06390848688266
419.33258193276,-3.07012933638045
414.524033402039,-3.05142942542764
410.515041503466,-3.02651489205363
406.509785850837,-3.02026290717297
404.908181755911,-3.02025045301982
401.70995522732,-3.04510894270467
401.711200642634,-3.05132979220245
407.316814974874,-3.05137338173848
408.118862437651,-3.05760045831284
406.5234854193,-3.08869225164862
404.117343030967,-3.07001102192554
403.31280473756,-3.0513422463556
400.108351132394,-3.04509648855152
405.712720049319,-3.03891922858975
410.520023164725,-3.05139829004477
411.327052288762,-3.08250876461028
412.12660892091,-3.07629414218907
414.525278817354,-3.05765027492543
417.735959499094,-3.09500028021845
418.536761546557,-3.09500650729502
421.737478905778,-3.08258971660574
421.737478905778,-3.08258971660574
408.12882576017,-3.10736725429513
411.330788534707,-3.10117131310364
412.932392629632,-3.10118376725678
414.529015063298,-3.07631282341879
416.130619158224,-3.07632527757194
414.537732970503,-3.11985876990329
414.541469216447,-3.13852131839665
414.545205462392,-3.15718386689001
416.948857020095,-3.16342339761752
416.948857020095,-3.16342339761752
417.743431990983,-3.13232537720516
419.343790670594,-3.12611698186053
420.944149350205,-3.11990858651589
420.94290393489,-3.1136877370181
411.337015611281,-3.13227556059257
420.150819794631,-3.15722745642603
420.951621842094,-3.15723368350261
422.549489691075,-3.1385835891624
422.544508029815,-3.11370019117125
423.355273399797,-3.16347321423012
424.15607544726,-3.16347944130669
416.951347850725,-3.17586509661309
422.561943844224,-3.20079208414026
422.561943844224,-3.20079208414026
424.167284185094,-3.21946708678677
424.969331647871,-3.22569416336113
431.379484273518,-3.24440652846708
432.181531736296,-3.25063360504144
432.983579199073,-3.2568606816158
436.18803280424,-3.26310643941989
439.394977240035,-3.28179389621954
427.365510713685,-3.19460859710192
423.352782569167,-3.15103151523454
421.756160135501,-3.17590245907254
420.957848918668,-3.18833793099154
435.364813281109,-3.15112492138316
428.158840269259,-3.15728972719177
427.356792806481,-3.15106265061741
432.162850506573,-3.15732086257465
432.165341337203,-3.16976256157022
429.762935194814,-3.1697438803405
424.164793354464,-3.20702538779119
431.375748027574,-3.22574397997372
429.776634763278,-3.23817322481614
428.973341885185,-3.225725298744
424.964349986612,-3.20081076536998
428.964623977981,-3.18217935225949
429.770407686704,-3.20706897732721
432.172813829092,-3.20708765855694
432.968634215295,-3.18221048764237
433.768190847443,-3.17599586522115
436.170596989831,-3.17601454645088
436.173087820461,-3.18845624544645
436.179314897035,-3.21956049293538
434.578956217425,-3.22576888828002
433.780645000592,-3.23820436019902
438.587948115998,-3.25068342165404
439.389995578776,-3.2569104982284
439.392486409406,-3.26935219722397
440.996581334961,-3.28180635037269
444.197298694182,-3.26938955968341
447.399261468718,-3.26319361849193
447.394279807459,-3.23831022050078
448.187609363032,-3.20099135059064
449.785477212013,-3.18234125625043
447.383071069625,-3.1823225750207
445.782712390014,-3.18853097036534
444.181108295089,-3.18851851621219
442.575767954219,-3.16984351356569
438.580475624109,-3.21335832466732
440.182079719034,-3.21337077882047
442.589467522682,-3.23827285804134
442.591958353312,-3.25071455703691
446.588496098737,-3.21342059543306
442.585731276738,-3.21961030954798
442.585731276738,-3.21961030954798
441.782438398645,-3.20716238347583
440.17834347309,-3.19470823032711
440.17834347309,-3.19470823032711
439.372559764368,-3.16981860525939
440.200760948757,-3.30668352128726
442.603167091146,-3.30670220251698
447.405488545293,-3.29429786598086
